IX0018_D0VY6ACXX_4_CTCAGA.bam,F_SWE_C_Atlas
IX0021_D0VY6ACXX_7_TTCGAA.bam,O_AUS_C_Avantgarde
IX0021_D0VY6ACXX_7_TGAATG.bam,X_CAN_X_CDCBethune
IX0018_D0VY6ACXX_4_CTATAC.bam,O_CAN_C_CDCGold
IX1034_D1CTGACXX_5_ACTGAT.bam,O_CAN_C_CDCMons
IX1034_D1CTGACXX_5_ACTCTC.bam,O_CAN_C_CDCSorrel
IX1057_D1GEYACXX_6_TCCCGA.bam,O_UNK_C_CN100547_Redwing
IX1057_D1GEYACXX_6_TCGAAG.bam,O_PAK_C_CN100629
IX1058_C1BAEACXX_1_TCGGCA.bam,O_ROM_C_CN100674
IX1058_C1BAEACXX_1_TCTACC.bam,U_ROM_C_CN100678
IX1015_D1GF9ACXX_3_ATCACG.bam,O_USA_B_CN100770
IX1015_D1GF9ACXX_3_CGATGT.bam,O_USA_B_CN100785
IX1058_C1BAEACXX_1_TGAATG.bam,U_PAK_C_CN100790_Ghari3
IX1015_D1GF9ACXX_3_TTAGGC.bam,F_NLD_C_CN100795_TammesPaleBlue
IX1015_D1GF9ACXX_3_TGACCA.bam,U_NZL_B_CN100797
IX1058_C1BAEACXX_1_TGCCAT.bam,U_NZL_B_CN100797B
IX1015_D1GF9ACXX_3_ACAGTG.bam,U_IND_C_CN100799
IX1015_D1GF9ACXX_3_GCCAAT.bam,O_CZE_C_CN100805_FloribusRoseis
IX1016_C17VWACXX_2_CAGATC.bam,O_AFG_U_CN100807
IX1058_C1BAEACXX_1_TGCTGG.bam,O_SUN_C_CN100827_Safedak
IX1058_C1BAEACXX_1_TGGCGC.bam,U_TUR_U_CN100828_Winterlein
IX1059_C1BAEACXX_2_TTCGAA.bam,O_TUR_U_CN100837
IX0015_D0VY6ACXX_1_ATCTAT.bam,O_CYP_U_CN100838
IX1016_C17VWACXX_2_ACTTGA.bam,O_UNK_U_CN100841
IX1016_C17VWACXX_2_GATCAG.bam,F_CAN_C_CN100848_Ottawa2152
IX1059_C1BAEACXX_2_TTCTCC.bam,O_CZE_C_CN100851_SumperskyFa13Jenny
IX1059_C1BAEACXX_2_AGGTTT.bam,U_PRT_C_CN100852_Grandal
IX1059_C1BAEACXX_2_AGTCAA.bam,O_FRA_B_CN100863
IX1016_C17VWACXX_2_TAGCTT.bam,F_HUN_C_CN100864_BjeloKatjacs
IX1059_C1BAEACXX_2_AGTTCC.bam,O_DEU_C_CN100881_DeutscherOllein
IX0015_D0VY6ACXX_1_ATGAGC.bam,O_HUN_C_CN100883_Beta201
IX1016_C17VWACXX_2_GGCTAC.bam,O_CSK_C_CN100884_
IX1059_C1BAEACXX_2_ATGTCA.bam,U_GRC_U_CN100885_ausLathyrus
IX1070_D2APHACXX_8_CATGGC.bam,U_ETH_L_CN100895B_Karbin(landrace)
IX0015_D0VY6ACXX_1_ATTCCT.bam,O_PRT_L_CN100910_Grandal(landrace)
IX1070_D2APHACXX_8_CATTTT.bam,O_FRA_C_CN100928_Ocean
IX1063_D2APHACXX_1_ATCACG.bam,F_NLD_C_CN100929_Belinka
IX1063_D2APHACXX_1_CGATGT.bam,O_RUS_C_CN100939
IX1016_C17VWACXX_2_CTTGTA.bam,F_AFG_U_CN100952
IX1017_C17VWACXX_3_AAACAT.bam,U_CHN_C_CN101016_Zheltosemyannyi
IX1063_D2APHACXX_1_TTAGGC.bam,O_MAR_B_CN101026_
IX1017_C17VWACXX_3_AAAGCA.bam,F_BLR_C_CN101038_Nika
IX1063_D2APHACXX_1_TGACCA.bam,F_RUS_B_CN101039_Svetochmutation
IX0016_D0VY6ACXX_2_CAACTA.bam,F_CHN_B_CN101052
IX1063_D2APHACXX_1_ACAGTG.bam,F_CHN_B_CN101053
IX1017_C17VWACXX_3_AAATGC.bam,F_RUS_B_CN101055
IX0016_D0VY6ACXX_2_CACCGG.bam,F_RUS_C_CN101094_Torzhokskij4
IX1063_D2APHACXX_1_GCCAAT.bam,F_RUS_C_CN101096_Novotorzhskij
IX1064_D2APHACXX_2_CAGATC.bam,F_RUS_C_CN101099_Aleksim
IX1017_C17VWACXX_3_CGTACG.bam,F_RUS_B_CN101114
IX1017_C17VWACXX_3_AACCCC.bam,F_RUS_B_CN101115
IX0016_D0VY6ACXX_2_CACGAT.bam,F_RUS_B_CN101116
IX1017_C17VWACXX_3_AACTTG.bam,F_LTU_B_CN101118
IX1018_C17VWACXX_4_AAGACT.bam,F_RUS_B_CN101119
IX1018_C17VWACXX_4_AAGCGA.bam,F_RUS_B_CN101127
IX1018_C17VWACXX_4_AAGGAC.bam,O_RUS_B_CN101132
IX1064_D2APHACXX_2_ACTTGA.bam,F_RUS_C_CN101136_Verchnevolzhkij
IX1064_D2APHACXX_2_GATCAG.bam,O_RUS_B_CN101137
IX0016_D0VY6ACXX_2_CACTCA.bam,F_RUS_C_CN101154_Belochka
IX1064_D2APHACXX_2_TAGCTT.bam,O_IND_C_CN101208
IX1064_D2APHACXX_2_GGCTAC.bam,F_CHN_B_CN101230
IX1064_D2APHACXX_2_CTTGTA.bam,O_LTU_C_CN101237_Artemida
IX1065_D2APHACXX_3_AAACAT.bam,O_LTU_B_CN101240
IX1065_D2APHACXX_3_AAAGCA.bam,O_RUS_B_CN101241
IX1065_D2APHACXX_3_AAATGC.bam,O_GBR_C_CN101265_Amason
IX1065_D2APHACXX_3_CGTACG.bam,O_RUS_B_CN101279
IX1018_C17VWACXX_4_AATAGG.bam,O_USA_B_CN101286
IX0016_D0VY6ACXX_2_CAGGCG.bam,O_RUS_B_CN101289
IX1065_D2APHACXX_3_AACCCC.bam,O_RUS_B_CN101296
IX1018_C17VWACXX_4_ACAAAC.bam,O_RUS_B_CN101298
IX1065_D2APHACXX_3_AACTTG.bam,O_RUS_B_CN101299
IX1066_D2APHACXX_4_AAGACT.bam,O_RUS_B_CN101301
IX1066_D2APHACXX_4_AAGCGA.bam,O_RUS_B_CN101307
IX0016_D0VY6ACXX_2_CATGGC.bam,O_IND_U_CN101308
IX1018_C17VWACXX_4_ACATCT.bam,O_IND_U_CN101310
IX1019_C17VWACXX_5_ACCCAG.bam,O_GRC_U_CN101325
IX1066_D2APHACXX_4_AAGGAC.bam,U_ESP_U_CN101327
IX0016_D0VY6ACXX_2_CATTTT.bam,O_EGY_U_CN101329
IX1066_D2APHACXX_4_AATAGG.bam,O_TUR_U_CN101331
IX1019_C17VWACXX_5_ACCGGC.bam,O_TUR_U_CN101332
IX1019_C17VWACXX_5_ACGATA.bam,O_AFG_U_CN101338
IX1019_C17VWACXX_5_ACTCTC.bam,F_RUS_U_CN101348
IX1019_C17VWACXX_5_ACTGAT.bam,F_RUS_U_CN101364
IX1066_D2APHACXX_4_ACAAAC.bam,O_GEO_U_CN101366
IX1066_D2APHACXX_4_ACATCT.bam,O_GEO_U_CN101367
IX1067_D2APHACXX_5_ACCCAG.bam,O_ARM_U_CN101373
IX1067_D2APHACXX_5_ACCGGC.bam,O_RUS_U_CN101375
IX1019_C17VWACXX_5_AGAAGA.bam,F_UKR_U_CN101378
IX1020_C17VWACXX_6_AGATAG.bam,F_UKR_U_CN101379
IX1020_C17VWACXX_6_AGCATC.bam,F_TUR_U_CN101382_KeteniTekirdakHagrobobu
IX1067_D2APHACXX_5_ACGATA.bam,F_TUR_U_CN101385
IX1067_D2APHACXX_5_ACTCTC.bam,F_TUR_U_CN101386
IX1020_C17VWACXX_6_AGCGCT.bam,F_FRA_C_CN101392_Tajga
IX1020_C17VWACXX_6_AGGCCG.bam,F_RUS_U_CN101394
IX1020_C17VWACXX_6_ATAATT.bam,F_RUS_U_CN101395
IX1067_D2APHACXX_5_ACTGAT.bam,F_RUS_U_CN101396
IX1020_C17VWACXX_6_ATACGG.bam,F_UKR_U_CN101397_Pskovski2976
IX1021_C17VWACXX_7_ATCCTA.bam,F_RUS_U_CN101401
IX0017_D0VY6ACXX_3_CCAACA.bam,F_RUS_U_CN101402
IX1067_D2APHACXX_5_AGAAGA.bam,F_ROM_U_CN101403
IX1068_C29T2ACXX_1_AGATAG.bam,X_ROM_X_CN101404
IX0017_D0VY6ACXX_3_CCACGC.bam,F_ROM_U_CN101405_Mures
IX1021_C17VWACXX_7_ATCTAT.bam,F_RUS_U_CN101406
IX1021_C17VWACXX_7_ATGAGC.bam,F_NLD_U_CN101407_Concurent
IX0017_D0VY6ACXX_3_CCCATG.bam,O_CAN_C_CN101413_Vimy
IX1021_C17VWACXX_7_ATTCCT.bam,F_CHN_B_CN101416
IX1068_C29T2ACXX_1_AGCATC.bam,F_CHN_B_CN101417
IX1021_C17VWACXX_7_CAAAAG.bam,F_CHN_B_CN101419
IX1021_C17VWACXX_7_CAACTA.bam,F_CHN_B_CN101421
IX1022_C17VWACXX_8_CACCGG.bam,O_CAN_B_CN101448
IX1022_C17VWACXX_8_CACGAT.bam,U_CAN_B_CN101451
IX1068_C29T2ACXX_1_AGCGCT.bam,O_CAN_B_CN101454
IX1022_C17VWACXX_8_CACTCA.bam,O_CAN_B_CN101461
IX1068_C29T2ACXX_1_AGGCCG.bam,O_CAN_B_CN101463
IX0017_D0VY6ACXX_3_GAGTGG.bam,O_CAN_B_CN101466
IX0017_D0VY6ACXX_3_CCGCAA.bam,O_CAN_B_CN101469
IX0017_D0VY6ACXX_3_CCTTAG.bam,O_CAN_B_CN101471
IX1022_C17VWACXX_8_CAGGCG.bam,O_CAN_B_CN101472
IX1068_C29T2ACXX_1_ATAATT.bam,O_CAN_B_CN101482
IX0017_D0VY6ACXX_3_CGAGAA.bam,F_CAN_B_CN101486
IX0017_D0VY6ACXX_3_CGGAAT.bam,O_CAN_B_CN101493
IX1068_C29T2ACXX_1_ATACGG.bam,O_CAN_B_CN101496
IX1069_D2APHACXX_7_ATCCTA.bam,O_CAN_B_CN101510
IX1069_D2APHACXX_7_ATCTAT.bam,O_CAN_B_CN101511
IX1022_C17VWACXX_8_CATGGC.bam,O_CAN_B_CN101535
IX1022_C17VWACXX_8_CATTTT.bam,O_CAN_B_CN101536
IX1069_D2APHACXX_7_ATGAGC.bam,O_CAN_B_CN101539
IX1069_D2APHACXX_7_ATTCCT.bam,O_CAN_B_CN101542
IX1069_D2APHACXX_7_CAAAAG.bam,O_CAN_B_CN101554
IX1069_D2APHACXX_7_CAACTA.bam,F_CAN_B_CN101559
IX1023_D1GN2ACXX_2_CCAACA.bam,O_CAN_B_CN101560
IX1070_D2APHACXX_8_CACCGG.bam,O_CAN_B_CN101565
IX1070_D2APHACXX_8_CACGAT.bam,U_CAN_B_CN101572
IX1070_D2APHACXX_8_CACTCA.bam,O_CAN_B_CN101580
IX1023_D1GN2ACXX_2_CCACGC.bam,O_CAN_B_CN101594
IX1023_D1GN2ACXX_2_CCCATG.bam,O_CAN_B_CN101595
IX1023_D1GN2ACXX_2_GAGTGG.bam,O_CAN_B_CN101596
IX1023_D1GN2ACXX_2_CCGCAA.bam,O_CAN_B_CN101598
IX0018_D0VY6ACXX_4_CTAGCT.bam,O_CAN_B_CN101600
IX1070_D2APHACXX_8_CAGGCG.bam,U_CAN_B_CN101610
IX1035_D1CTGACXX_6_ATAATT.bam,O_CAN_C_CN18973_ACWatson
IX0011_C0P05ACXX_1_ATCACG.bam,O_CAN_C_CN18979_Flanders
IX1023_D1GN2ACXX_2_CCTTAG.bam,O_CAN_C_CN18980_Somme
IX1024_D1GN2ACXX_3_CGAGAA.bam,O_CAN_C_CN18981_CDCValour
IX1024_D1GN2ACXX_3_CGGAAT.bam,F_FRA_C_CN18982_Evelin
IX0018_D0VY6ACXX_4_GAATAA.bam,F_NLD_C_CN18983_Laura
IX0018_D0VY6ACXX_4_GACGGA.bam,F_FRA_C_CN18986_Hermes
IX1035_D1CTGACXX_6_ATACGG.bam,F_NLD_C_CN18987_Viking
IX1024_D1GN2ACXX_3_CTAGCT.bam,F_FRA_C_CN18988_Ariane
IX0011_C0P05ACXX_1_CGATGT.bam,O_FRA_C_CN18989_Atalante
IX1036_D1CTGACXX_7_ATCCTA.bam,F_POL_C_CN18991_Nike
IX0021_D0VY6ACXX_7_TGCTGG.bam,O_NLD_C_CN18993_Linda
IX1036_D1CTGACXX_7_ATCTAT.bam,O_USA_C_CN18994_Verne
IX1036_D1CTGACXX_7_ATGAGC.bam,F_NLD_C_CN18997_Raisa
IX0011_C0P05ACXX_1_TTAGGC.bam,F_NLD_C_CN18998_Escalina
IX0011_C0P05ACXX_1_TGACCA.bam,F_NLD_C_CN19001_Marina
IX0021_D0VY6ACXX_7_TGCCAT.bam,O_CAN_C_CN19003_ACMcDuff
IX0011_C0P05ACXX_1_ACAGTG.bam,O_CAN_C_CN19004_ACEmerson
IX1036_D1CTGACXX_7_ATTCCT.bam,O_CAN_C_CN19005_ACLinora
IX1036_D1CTGACXX_7_CAAAAG.bam,O_ETH_B_CN19007
IX1036_D1CTGACXX_7_CAACTA.bam,O_CAN_C_CN19017_CDCNormandy
IX1037_D1CTGACXX_8_CACCGG.bam,O_CAN_C_CN19157_Ottawa829-C
IX1037_D1CTGACXX_8_CACGAT.bam,O_CAN_C_CN19158_Ottawa770B
IX1037_D1CTGACXX_8_CACTCA.bam,O_CAN_C_CN19159_Diadem
IX1037_D1CTGACXX_8_CAGGCG.bam,O_USA_C_CN19160_BolleyGolden
IX1037_D1CTGACXX_8_CATGGC.bam,O_UKR_C_CN30860_Kirovogradskij71
IX1024_D1GN2ACXX_3_CTATAC.bam,O_UNK_C_CN30861_Kubanskij
IX0015_D0VY6ACXX_1_ATCCTA.bam,F_RUS_C_CN32542
IX0016_D0VY6ACXX_2_CAAAAG.bam,F_UKR_C_CN32546_Korostenskij3
IX1024_D1GN2ACXX_3_CTCAGA.bam,O_CAN_C_CN33385_Linott
IX1024_D1GN2ACXX_3_CTGCTG.bam,O_CAN_C_CN33386_Noralta
IX1037_D1CTGACXX_8_CATTTT.bam,O_CAN_C_CN33388_Redwood65
IX1038_C17RCACXX_1_CCAACA.bam,O_CAN_C_CN33389_Rocket
IX1038_C17RCACXX_1_CCACGC.bam,F_NLD_C_CN33390_Natasja
IX1038_C17RCACXX_1_CCCATG.bam,F_UNK_C_CN33393
IX1025_D1GN2ACXX_4_GAAACC.bam,O_CAN_C_CN33397_Dufferin
IX1025_D1GN2ACXX_4_GAATAA.bam,O_USA_C_CN33399_Bison
IX1038_C17RCACXX_1_GAGTGG.bam,O_USA_C_CN33400_Norstar
IX1025_D1GN2ACXX_4_GACGGA.bam,O_USA_C_CN33992_Culbert
IX1038_C17RCACXX_1_CCGCAA.bam,F_RUS_C_CN35791_Tverca
IX1025_D1GN2ACXX_4_GATATA.bam,O_CAN_C_CN37286_McGregor
IX1038_C17RCACXX_1_CCTTAG.bam,F_NLD_C_CN40081_Natasja
IX0018_D0VY6ACXX_4_GATATA.bam,O_CAN_C_CN52732_Norlin
IX1039_C17RCACXX_2_CGAGAA.bam,O_RUS_C_CN96845
IX1039_C17RCACXX_2_CGGAAT.bam,O_RUS_C_CN96846
IX1039_C17RCACXX_2_CTAGCT.bam,O_TUR_C_CN96911
IX0019_D0VY6ACXX_5_GATGCT.bam,O_TUR_L_CN96958
IX1025_D1GN2ACXX_4_GATGCT.bam,O_TUR_C_CN96962
IX1039_C17RCACXX_2_CTATAC.bam,O_IND_L_CN96974
IX1039_C17RCACXX_2_CTCAGA.bam,O_ETH_C_CN96988
IX1039_C17RCACXX_2_CTGCTG.bam,O_ETH_C_CN96991
IX0019_D0VY6ACXX_5_GCAAGG.bam,O_ETH_C_CN96992
IX1040_C17RCACXX_3_GAAACC.bam,O_ETH_C_CN97004
IX0019_D0VY6ACXX_5_GCACTT.bam,O_IRN_C_CN97050
IX0019_D0VY6ACXX_5_GCCGCG.bam,O_PAK_C_CN97056
IX1040_C17RCACXX_3_GAATAA.bam,O_PAK_C_CN97064
IX1040_C17RCACXX_3_GACGGA.bam,O_PAK_L_CN97072
IX1025_D1GN2ACXX_4_GCAAGG.bam,O_PAK_L_CN97083
IX1026_D1GN2ACXX_5_GCACTT.bam,O_PAK_C_CN97092
IX1040_C17RCACXX_3_GATATA.bam,O_PAK_C_CN97096
IX1040_C17RCACXX_3_GATGCT.bam,O_PAK_C_CN97103
IX1026_D1GN2ACXX_5_GCCGCG.bam,O_IRN_L_CN97129
IX0019_D0VY6ACXX_5_GCCTTA.bam,O_IRN_L_CN97129B
IX1026_D1GN2ACXX_5_GCCTTA.bam,O_IRN_C_CN97139
IX1040_C17RCACXX_3_GCAAGG.bam,O_TUR_C_CN97147
IX1026_D1GN2ACXX_5_GCTCCA.bam,O_TUR_C_CN97153
IX1041_C17RCACXX_4_GCACTT.bam,O_CZE_C_CN97176_Horal
IX1026_D1GN2ACXX_5_GGCACA.bam,F_IRN_C_CN97180_SorthBehbehan
IX0019_D0VY6ACXX_5_GCTCCA.bam,O_ARG_C_CN97214
IX1041_C17RCACXX_4_GCCGCG.bam,O_HUN_C_CN97238
IX1041_C17RCACXX_4_GCCTTA.bam,O_HUN_C_CN97287_LinaDeta
IX1041_C17RCACXX_4_GCTCCA.bam,O_HUN_C_CN97300_Raja
IX1026_D1GN2ACXX_5_GGCCTG.bam,O_IND_C_CN97306
IX1027_D1GN2ACXX_6_TAATCG.bam,O_IND_C_CN97307
IX1041_C17RCACXX_4_GGCACA.bam,O_IND_C_CN97308
IX1027_D1GN2ACXX_6_TACAGC.bam,O_IND_C_CN97312
IX1041_C17RCACXX_4_GGCCTG.bam,O_ROM_C_CN97321
IX1027_D1GN2ACXX_6_TATAAT.bam,O_ARG_C_CN97334_Mocoreta
IX0019_D0VY6ACXX_5_GGCACA.bam,U_ARG_C_CN97341
IX1027_D1GN2ACXX_6_TCATTC.bam,O_FRA_C_CN97350
IX1027_D1GN2ACXX_6_TCCCGA.bam,F_FRA_C_CN97351
IX0019_D0VY6ACXX_5_GGCCTG.bam,O_USA_C_CN97366
IX1042_C17RCACXX_5_TAATCG.bam,O_USA_C_CN97377
IX0020_D0VY6ACXX_6_TAATCG.bam,O_CAN_C_CN97392_Novelty
IX1042_C17RCACXX_5_TACAGC.bam,O_USA_C_CN97393
IX1042_C17RCACXX_5_TATAAT.bam,O_USA_C_CN97396
IX0020_D0VY6ACXX_6_TACAGC.bam,U_USA_C_CN97397
IX0020_D0VY6ACXX_6_TATAAT.bam,U_USA_B_CN97402
IX1027_D1GN2ACXX_6_TCGAAG.bam,O_USA_C_CN97403_Linota
IX0020_D0VY6ACXX_6_TCATTC.bam,O_USA_B_CN97404_BudaSel.
IX0020_D0VY6ACXX_6_TCCCGA.bam,O_USA_B_CN97404B
IX1042_C17RCACXX_5_TCATTC.bam,U_USA_B_CN97406
IX1042_C17RCACXX_5_TCCCGA.bam,O_USA_C_CN97407_Rio(Long79)
IX1042_C17RCACXX_5_TCGAAG.bam,F_NLD_C_CN97424
IX1043_C17RCACXX_6_TCGGCA.bam,O_DEU_B_CN97430
IX0020_D0VY6ACXX_6_TCGAAG.bam,O_DEU_B_CN97430B
IX1043_C17RCACXX_6_TCTACC.bam,O_USA_C_CN97444
IX1028_D1GN2ACXX_7_TCGGCA.bam,U_USA_C_CN97452
IX1043_C17RCACXX_6_TGAATG.bam,U_USA_C_CN97453
IX1028_D1GN2ACXX_7_TCTACC.bam,O_NLD_C_CN97458
IX1043_C17RCACXX_6_TGCCAT.bam,O_USA_C_CN97463
IX1043_C17RCACXX_6_TGCTGG.bam,O_JPN_C_CN97470_Sagino
IX1043_C17RCACXX_6_TGGCGC.bam,O_RUS_C_CN97475
IX1028_D1GN2ACXX_7_TGAATG.bam,U_RUS_L_CN97483
IX1028_D1GN2ACXX_7_TGCCAT.bam,O_RUS_C_CN97484
IX1044_D1MCDACXX_8_TTCGAA.bam,O_RUS_C_CN97487
IX1044_D1MCDACXX_8_TTCTCC.bam,O_RUS_C_CN97489
IX1044_D1MCDACXX_8_AGGTTT.bam,F_RUS_L_CN97503
IX0011_C0P05ACXX_1_GCCAAT.bam,O_RUS_C_CN97520
IX1044_D1MCDACXX_8_AGTCAA.bam,O_RUS_C_CN97529
IX1028_D1GN2ACXX_7_TGCTGG.bam,F_RUS_L_CN97530
IX1045_D1CRTACXX_2_ATCACG.bam,F_RUS_L_CN97531
IX1028_D1GN2ACXX_7_TGGCGC.bam,F_RUS_L_CN97533
IX0011_C0P05ACXX_1_CAGATC.bam,O_CAN_C_CN97571_Cyprus
IX1045_D1CRTACXX_2_CGATGT.bam,U_USA_B_CN97584
IX1045_D1CRTACXX_2_TTAGGC.bam,U_USA_B_CN97584B
IX1045_D1CRTACXX_2_TGACCA.bam,O_USA_C_CN97586
IX1045_D1CRTACXX_2_ACAGTG.bam,O_USA_C_CN97587_Capa
IX1029_D1MCDACXX_7_TTCGAA.bam,O_RUS_C_CN97604
IX0011_C0P05ACXX_1_ACTTGA.bam,O_RUS_L_CN97605
IX1045_D1CRTACXX_2_GCCAAT.bam,F_NLD_C_CN97610
IX1046_D1CRTACXX_3_CAGATC.bam,O_NLD_C_CN97613
IX0012_C0P05ACXX_2_GATCAG.bam,F_NLD_C_CN97616
IX1046_D1CRTACXX_3_ACTTGA.bam,O_CAN_C_CN97633_Royal
IX0012_C0P05ACXX_2_TAGCTT.bam,O_USA_C_CN97639
IX1046_D1CRTACXX_3_GATCAG.bam,O_USA_C_CN97639B
IX1046_D1CRTACXX_3_TAGCTT.bam,O_USA_C_CN97642_Renew
IX1029_D1MCDACXX_7_TTCTCC.bam,O_USA_C_CN97649
IX1046_D1CRTACXX_3_GGCTAC.bam,F_USA_B_CN97665
IX0012_C0P05ACXX_2_GGCTAC.bam,U_USA_B_CN97670
IX1029_D1MCDACXX_7_AGGTTT.bam,O_CAN_C_CN97671
IX1046_D1CRTACXX_3_CTTGTA.bam,O_USA_B_CN97679
IX1047_D1CRTACXX_4_AAACAT.bam,O_USA_B_CN97679B
IX1029_D1MCDACXX_7_AGTCAA.bam,O_USA_C_CN97689
IX1029_D1MCDACXX_7_AGTTCC.bam,O_USA_C_CN97718
IX1047_D1CRTACXX_4_AAAGCA.bam,O_USA_C_CN97728
IX0012_C0P05ACXX_2_CTTGTA.bam,O_USA_C_CN97740_Redson
IX0021_D0VY6ACXX_7_TTCTCC.bam,O_USA_C_CN97749_Crystal
IX1029_D1MCDACXX_7_ATGTCA.bam,U_PRT_C_CN97768_MouriscoE730
IX0012_C0P05ACXX_2_AAACAT.bam,F_SWE_C_CN97871
IX1047_D1CRTACXX_4_AAATGC.bam,O_USA_C_CN97873_Redwood
IX1044_D1MCDACXX_8_AGTTCC.bam,O_USA_C_CN97881
IX0012_C0P05ACXX_2_AAAGCA.bam,O_DEU_C_CN97886_Lusatia
IX1047_D1CRTACXX_4_CGTACG.bam,O_USA_C_CN97890_Maritime
IX1044_D1MCDACXX_8_ATGTCA.bam,O_USA_C_CN97907_VictoryB
IX1030_D1CTGACXX_1_ATCACG.bam,O_USA_C_CN97921
IX1030_D1CTGACXX_1_CGATGT.bam,O_ARG_C_CN97953
IX1030_D1CTGACXX_1_TTAGGC.bam,O_ARG_C_CN97958
IX1047_D1CRTACXX_4_AACCCC.bam,O_ARG_C_CN97961
IX1047_D1CRTACXX_4_AACTTG.bam,O_ARG_C_CN97967
IX1030_D1CTGACXX_1_TGACCA.bam,O_ARG_C_CN97980
IX1030_D1CTGACXX_1_ACAGTG.bam,O_ARG_C_CN98007
IX1048_D1CRTACXX_5_AAGACT.bam,O_ARG_C_CN98012
IX1048_D1CRTACXX_5_AAGCGA.bam,O_ARG_C_CN98014
IX1048_D1CRTACXX_5_AAGGAC.bam,O_ARG_C_CN98027
IX0012_C0P05ACXX_2_AAATGC.bam,O_ARG_B_CN98037
IX1030_D1CTGACXX_1_GCCAAT.bam,O_ARG_B_CN98037B
IX1048_D1CRTACXX_5_AATAGG.bam,O_ARG_C_CN98039
IX0012_C0P05ACXX_2_CGTACG.bam,O_NLD_C_CN98056_Hollandia
IX1048_D1CRTACXX_5_ACAAAC.bam,O_NLD_C_CN98056B
IX1031_D1CTGACXX_2_CAGATC.bam,O_IND_C_CN98057
IX1048_D1CRTACXX_5_ACATCT.bam,F_JPN_C_CN98072_Unryu
IX1049_D1CRTACXX_6_ACCCAG.bam,O_URY_C_CN98100
IX1049_D1CRTACXX_6_ACCGGC.bam,O_IND_C_CN98109
IX1049_D1CRTACXX_6_ACGATA.bam,O_IND_C_CN98135
IX1049_D1CRTACXX_6_ACTCTC.bam,F_NLD_U_CN98150
IX1049_D1CRTACXX_6_ACTGAT.bam,O_IND_C_CN98157
IX1049_D1CRTACXX_6_AGAAGA.bam,O_IRN_C_CN98165
IX1050_D1CRTACXX_7_AGATAG.bam,O_AFG_C_CN98176
IX1050_D1CRTACXX_7_AGCATC.bam,O_IRL_C_CN98192
IX0013_C0P05ACXX_3_AACCCC.bam,U_MAR_C_CN98193
IX1050_D1CRTACXX_7_AGCGCT.bam,O_USA_C_CN98231
IX1050_D1CRTACXX_7_AGGCCG.bam,O_PAK_C_CN98237
IX1050_D1CRTACXX_7_ATAATT.bam,O_PAK_C_CN98239
IX0013_C0P05ACXX_3_AACTTG.bam,O_IND_L_CN98240
IX1050_D1CRTACXX_7_ATACGG.bam,O_IND_L_CN98240B
IX1051_D1CRTACXX_8_ATCCTA.bam,O_IND_L_CN98242
IX0013_C0P05ACXX_3_AAGACT.bam,O_IND_C_CN98250
IX1051_D1CRTACXX_8_ATCTAT.bam,O_IND_C_CN98254_Basin
IX1051_D1CRTACXX_8_ATGAGC.bam,O_HUN_C_CN98263_ChaurraOlajlen
IX1051_D1CRTACXX_8_ATTCCT.bam,O_HUN_C_CN98263B
IX1051_D1CRTACXX_8_CAAAAG.bam,O_HUN_C_CN98275
IX1051_D1CRTACXX_8_CAACTA.bam,O_HUN_C_CN98276
IX0013_C0P05ACXX_3_AAGCGA.bam,O_HUN_C_CN98278_Karnobat4
IX0013_C0P05ACXX_3_AAGGAC.bam,O_ARG_C_CN98279_Karnobat5
IX1052_D1GEYACXX_1_CACCGG.bam,F_HUN_C_CN98286_Mapun
IX1052_D1GEYACXX_1_CACGAT.bam,F_HUN_C_CN98303_Torok11
IX0013_C0P05ACXX_3_AATAGG.bam,O_IND_C_CN98363
IX1052_D1GEYACXX_1_CACTCA.bam,O_IND_C_CN98364
IX1052_D1GEYACXX_1_CAGGCG.bam,O_IND_C_CN98370
IX0013_C0P05ACXX_3_ACAAAC.bam,O_IND_C_CN98397
IX0013_C0P05ACXX_3_ACATCT.bam,O_IND_C_CN98398
IX1052_D1GEYACXX_1_CATGGC.bam,O_IND_C_CN98415
IX1031_D1CTGACXX_2_ACTTGA.bam,O_IND_C_CN98440
IX1052_D1GEYACXX_1_CATTTT.bam,O_IND_C_CN98467
IX1053_D1GEYACXX_2_CCAACA.bam,O_IND_C_CN98468
IX1031_D1CTGACXX_2_GATCAG.bam,O_DEU_C_CN98475_Flachskopf
IX1053_D1GEYACXX_2_CCACGC.bam,O_RUS_C_CN98505_Varoneshski1308
IX1053_D1GEYACXX_2_CCCATG.bam,O_USA_C_CN98535
IX1031_D1CTGACXX_2_TAGCTT.bam,O_USA_C_CN98541
IX1053_D1GEYACXX_2_GAGTGG.bam,O_USA_C_CN98542
IX0014_C0P05ACXX_4_ACCCAG.bam,O_USA_B_CN98566_Neelum
IX1031_D1CTGACXX_2_GGCTAC.bam,O_USA_B_CN98566B
IX1053_D1GEYACXX_2_CCGCAA.bam,O_USA_B_CN98566C
IX0014_C0P05ACXX_4_ACCGGC.bam,O_IND_U_CN98569
IX0014_C0P05ACXX_4_ACGATA.bam,U_USA_C_CN98610
IX1053_D1GEYACXX_2_CCTTAG.bam,O_USA_C_CN98613
IX1031_D1CTGACXX_2_CTTGTA.bam,O_ARG_C_CN98634_Toba
IX1032_D1CTGACXX_3_AAACAT.bam,O_USA_C_CN98639
IX0014_C0P05ACXX_4_ACTCTC.bam,U_USA_B_CN98644
IX1054_D1GEYACXX_3_CGAGAA.bam,O_CZE_C_CN98683_Mapum
IX0014_C0P05ACXX_4_ACTGAT.bam,U_CZE_C_CN98689
IX1054_D1GEYACXX_3_CGGAAT.bam,F_CZE_C_CN98704_WickingHegenan
IX1054_D1GEYACXX_3_CTAGCT.bam,F_FRA_C_CN98708_Vitagold
IX1054_D1GEYACXX_3_CTATAC.bam,F_FRA_L_CN98710
IX0014_C0P05ACXX_4_AGAAGA.bam,O_FRA_C_CN98712
IX1054_D1GEYACXX_3_CTCAGA.bam,O_POL_B_CN98733
IX1054_D1GEYACXX_3_CTGCTG.bam,O_FRA_C_CN98734_Karnobat9
IX1055_D1GEYACXX_4_GAAACC.bam,O_FRA_B_CN98741
IX1032_D1CTGACXX_3_AAAGCA.bam,U_FRA_L_CN98742
IX0014_C0P05ACXX_4_AGATAG.bam,O_FRA_C_CN98752
IX1055_D1GEYACXX_4_GAATAA.bam,O_FRA_C_CN98753
IX1055_D1GEYACXX_4_GACGGA.bam,O_FRA_C_CN98767
IX1055_D1GEYACXX_4_GATATA.bam,O_FRA_C_CN98773
IX0014_C0P05ACXX_4_AGCATC.bam,O_FRA_C_CN98794
IX1055_D1GEYACXX_4_GATGCT.bam,O_FRA_B_CN98806
IX1055_D1GEYACXX_4_GCAAGG.bam,O_FRA_C_CN98807
IX1056_D1GEYACXX_5_GCACTT.bam,O_USA_C_CN98812_BisonLN
IX0015_D0VY6ACXX_1_AGCGCT.bam,O_USA_C_CN98821_Foster
IX1056_D1GEYACXX_5_GCCGCG.bam,F_EGY_C_CN98826
IX1032_D1CTGACXX_3_AAATGC.bam,F_USA_C_CN98829_Dolgunetz
IX1056_D1GEYACXX_5_GCCTTA.bam,O_HUN_C_CN98854
IX1056_D1GEYACXX_5_GCTCCA.bam,O_TUR_C_CN98869
IX1032_D1CTGACXX_3_CGTACG.bam,F_USA_B_CN98903
IX1056_D1GEYACXX_5_GGCACA.bam,F_USA_B_CN98923
IX1056_D1GEYACXX_5_GGCCTG.bam,F_USA_B_CN98926
IX1057_D1GEYACXX_6_TAATCG.bam,F_USA_C_CN98934_WadaFiber
IX1032_D1CTGACXX_3_AACCCC.bam,F_USA_C_CN98946_TalmuneFiber
IX1057_D1GEYACXX_6_TACAGC.bam,F_USA_C_CN98954_CascadeFiber
IX0015_D0VY6ACXX_1_AGGCCG.bam,O_IND_C_CN98961
IX1057_D1GEYACXX_6_TATAAT.bam,O_IND_C_CN98969
IX1032_D1CTGACXX_3_AACTTG.bam,O_IND_C_CN98973
IX0015_D0VY6ACXX_1_ATAATT.bam,O_IND_C_CN98974
IX1057_D1GEYACXX_6_TCATTC.bam,O_IND_C_CN98982
IX0015_D0VY6ACXX_1_ATACGG.bam,O_AUS_C_CN98984_Bonnydoon-9
IX1034_D1CTGACXX_5_AGAAGA.bam,F_CAN_C_CrepitamTabor
IX0022_D0VY6ACXX_8_CCGTCC.bam,O_CAN_C_DoubleLow
IX1033_D1CTGACXX_4_AAGACT.bam,O_CAN_C_E1747
IX1033_D1CTGACXX_4_AAGCGA.bam,O_CAN_C_FP2214
IX1033_D1CTGACXX_4_AAGGAC.bam,O_CAN_C_FP2270
IX1035_D1CTGACXX_6_AGATAG.bam,F_CAN_C_G1186-94
IX0018_D0VY6ACXX_4_CTGCTG.bam,O_CAN_C_Hanley
IX1033_D1CTGACXX_4_AATAGG.bam,O_CAN_C_Linola989
IX1035_D1CTGACXX_6_AGCATC.bam,O_CAN_C_Lirina
IX1033_D1CTGACXX_4_ACAAAC.bam,O_CAN_C_M5791
IX0022_D0VY6ACXX_8_AGTCAA.bam,O_CAN_C_M96006
IX1034_D1CTGACXX_5_ACGATA.bam,O_CAN_C_Macbeth
IX0021_D0VY6ACXX_7_TGGCGC.bam,O_CAN_c_Norman
IX1035_D1CTGACXX_6_AGCGCT.bam,O_CAN_C_PrairieBlue
IX0018_D0VY6ACXX_4_GAAACC.bam,O_CAN_C_PrairieGrande
IX1035_D1CTGACXX_6_AGGCCG.bam,O_CAN_C_PrairieThunder
IX0022_D0VY6ACXX_8_AGGTTT.bam,O_CAN_C_S95407
IX1033_D1CTGACXX_4_ACATCT.bam,O_CAN_C_Shape
IX0020_D0VY6ACXX_6_TCGGCA.bam,O_CAN_C_SP2047
IX0022_D0VY6ACXX_8_ATGTCA.bam,O_CAN_C_UGG102-2
IX0020_D0VY6ACXX_6_TCTACC.bam,O_CAN_C_UGG146-1
IX1034_D1CTGACXX_5_ACCCAG.bam,O_CAN_C_UGG5-5
IX1034_D1CTGACXX_5_ACCGGC.bam,F_EU_C_Viking
IX0022_D0VY6ACXX_8_AGTTCC.bam,O_CAN_C_YSED18
